{
  "id": "",
  "name": "",
  "font_family": "iconfont",
  "css_prefix_text": "icon-",
  "description": "",
  "glyphs": [
    {
      "icon_id": "1306",
      "name": "购物车空",
      "font_class": "gouwuchekong",
      "unicode": "f0179",
      "unicode_decimal": 983417
    },
    {
      "icon_id": "584016",
      "name": "问号",
      "font_class": "iconfontquestion",
      "unicode": "e60a",
      "unicode_decimal": 58890
    },
    {
      "icon_id": "1403431",
      "name": "锤子",
      "font_class": "chuizi",
      "unicode": "e82e",
      "unicode_decimal": 59438
    },
    {
      "icon_id": "1488891",
      "name": "查询",
      "font_class": "chaxun",
      "unicode": "e606",
      "unicode_decimal": 58886
    },
    {
      "icon_id": "4838236",
      "name": "公安",
      "font_class": "gongan",
      "unicode": "e617",
      "unicode_decimal": 58903
    },
    {
      "icon_id": "9509954",
      "name": "用户",
      "font_class": "yonghu",
      "unicode": "e60e",
      "unicode_decimal": 58894
    },
    {
      "icon_id": "12331648",
      "name": "查询",
      "font_class": "chaxun1",
      "unicode": "e664",
      "unicode_decimal": 58980
    }
  ]
}
